부처,SEED_ID(솔루션),SEED_ID,기관,게시판명,URL,수집결과,etc_2,etc_1,Crawler,TR,Title,Date,DateFormat,ClickCSS,날짜수정,a_href,click,content_Title,content_WriteDate,content_StartDate,content_EndDate,content_DateFormat,content_Body,content_Files,content_File_url,
과학기술정보통신부,383,20001,과학기술정보통신부,공지사항,http://www.msip.go.kr/web/msipContents/contents.do?mId=MTE3,X,ModifyDate,Ajax,,#result tbody > tr,td.title a,td:nth-of-type(3),DD/nYY.MM,,,http://www.msip.go.kr,,#page div.heading h2 span,,,,,div.content > div.inner,div.file > ul > li > div.icons > a:nth-of-type(1),http://www.msip.go.kr,
과학기술정보통신부,483,20002,과학기술정보통신부,사업공고,http://www.msip.go.kr/web/msipContents/contents.do?mId=MTE5,X,ModifyDate,Ajax,,#result tbody > tr,td.title a,td:nth-of-type(3),DD/nYY.MM,,,http://www.msip.go.kr,,#page div.heading h2 span,,,,,div.content > div.inner,div.file > ul > li > div.icons > a:nth-of-type(1),http://www.msip.go.kr,
과학기술정보통신부,351,20003,한국생산기술연구원,사업공고,https://www.kitech.re.kr/research/page1-1.php,X,verify=False,euc-kr,,div#contents table > tbody > tr,td:nth-of-type(2) a,td:nth-of-type(4),YYYY-MM-DD,,,https://www.kitech.re.kr/research/,,#contents > div.content_body_02 thead > tr > th.left,,,,,#contents > div.content_body_02 > div.bbs_content,#contents > div.content_body_02 tbody > tr:nth-of-type(3) > td:nth-of-type(2) > div > a,https://www.kitech.re.kr,
과학기술정보통신부,352,20004,정보통신산업진흥원,사업공고,http://www.nipa.kr/biz/bizNotice.it?menuNo=18&page=1,X,수정,,,table.boardList > tbody > tr,td.title a,td.date,YYYY-MM-DD,,,onclick,"onclick=""post_to_url('noticeView.it?bizId=00594&boardId=noti&boardNo=22&menuNo=18&page=1','')""",,,,,,,,,
과학기술정보통신부,,20005,정보통신산업진흥원,공지사항,http://www.nipa.kr/board/boardList.it?boardNo=102&menuNo=31&page=1,X,추가 / Ajax,Ajax,,#q_content table > tbody > tr,td.title a,td.date,YYYY-MM-DD,#container > div.leftWrap > div.snb > ul > li:nth-of-type(2) > a,,onclick,"onclick=""post_to_url('/board/boardView.it?boardNo=105&contentNo=3661&menuNo=35&gubn=&page=1&registDate=','')""",,,,,,,,,
과학기술정보통신부,,20006,정보통신산업진흥원,입찰공고,http://www.nipa.kr/board/boardList.it?boardNo=102&menuNo=31&page=1,X,추가 / Ajax,Ajax,,#q_content table > tbody > tr,td.title a,td.date,YYYY-MM-DD,#container > div.leftWrap > div.snb > ul > li:nth-of-type(4) > a,,onclick,"onclick=""post_to_url('/board/boardView.it?boardNo=105&contentNo=3661&menuNo=35&gubn=&page=1&registDate=','')""",,,,,,,,,
과학기술정보통신부,353,20007,한국연구재단,사업공지,https://www.nrf.re.kr/biz/notice/list?search_type=ALL&page=1,X,page=1,,O,div.board_list tbody > tr,td a.ntsviewBtn,td:nth-of-type(4),YYYY-MM-DD,,,,https://www.nrf.re.kr/biz/notice/view?nts_no=,data-nts_no 속성에 id있음,,,,,,,,
과학기술정보통신부,353,20008,한국연구재단,사업공지,https://www.nrf.re.kr/biz/notice/list?search_type=ALL&page=2,X,page=2,,O,div.board_list tbody > tr,td a.ntsviewBtn,td:nth-of-type(4),YYYY-MM-DD,,,,https://www.nrf.re.kr/biz/notice/view?nts_no=,data-nts_no 속성에 id있음,,,,,,,,
과학기술정보통신부,,20009,한국연구재단,공지사항,https://www.nrf.re.kr/cms/board/general/list?menu_no=53,X,추가,,O,div.board_list tbody > tr,td a.ntsviewBtn,td:nth-of-type(3),YYYY-MM-DD,,,,https://www.nrf.re.kr/biz/notice/view?nts_no=,data-nts_no 속성에 id있음,,,,,,,,
과학기술정보통신부,354,20010,한국과학창의재단,공지사항,https://www.kofac.re.kr/?page_id=1672,X,,,O,div.kboard-list table.list > tbody > tr,td.kboard-list-title a,td.kboard-list-date,YYYY.MM.DD,,,https://www.kofac.re.kr,,#kboard-default-document div.kboard-title > p,,,,,#kboard-default-document div.kboard-content > div,div.attach-list > ul > li > a:nth-of-type(1),https://www.kofac.re.kr,파일오픈
과학기술정보통신부,749,20011,한국과학창의재단,사업공고,https://www.kofac.re.kr/?page_id=1673,X,웹크롤링 적용중,,X,div.kboard-list table.list > tbody > tr,td.kboard-list-title a,td.kboard-list-date,YYYY.MM.DD,,,https://www.kofac.re.kr,,#kboard-default-document div.kboard-title > p,,div.content-view > table:nth-of-type(1) tr:nth-of-type(2) > td:nth-of-type(2),div.content-view > table:nth-of-type(1) tr:nth-of-type(2) > td:nth-of-type(3),,#kboard-default-document div.kboard-content > div,#kboard-default-document div.content-view table:nth-of-type(2) tr a,,파일명 수정필요
과학기술정보통신부,750,20012,국가과학기술연구회,사업공고,http://www.nst.re.kr/nst/notice/01_03.jsp,X,,,,div.jwxe_board ul.boardList > li,a dl dt,a p.date span,YYYY.MM.DD,,,,a태그 부모요소에 있음,,,,,,,,,
과학기술정보통신부,356,20013,연구성과실용화진흥원,공지사항,https://www.compa.re.kr/cop/bbs/selectBoardList.do?bbsId=BBSMSTR_AAAAAAAAAAAA,X,,,,#boardDiv > table tr > td[align=left] table,span.link > a,td > p,YYYY-MM-DD,,,onclick,부모요소에 폼태그 submit,,,,,,,,,파일명 수정필요
과학기술정보통신부,361,20014,한국표준과학연구원,안내사항,http://www.kriss.re.kr/information/inform_notice_list.do,X,,,,div.board_list table > tbody > tr,td.left a,td:nth-of-type(3),YYYY-MM-DD,,,href=javascript,"javascript:goDetail(2641, 5)",,,,,,,,,
과학기술정보통신부,362,20015,한국한의학연구원,공지사항,https://www.kiom.re.kr/brdartcl/boardarticleList.do?brd_id=BDIDX_d7GWpghE0eM6NOITzZFwaw&menu_nix=7eb3O1lV,X,,,,div.contentDetail form table.tableBoard > tbody > tr,td.ellipsis a span,td.date,YYYY-MM-DD,,,href=javascript,javascript:fn_egov_brd_view('576'),,,,,,,,,
과학기술정보통신부,,20016,한국한의학연구원,입찰공고,https://www.kiom.re.kr/brdartcl/boardarticleList.do?brd_id=BDIDX_eDw708IzDO8nJ21Z7w0J81&menu_nix=Pex87OF4,X,추가,,,div.contentDetail form table.tableBoard > tbody > tr,td.ellipsis a span,td.date,YYYY-MM-DD,,,href=javascript,javascript:fn_egov_brd_view('702'),,,,,,,,,
과학기술정보통신부,,20017,한국항공우주연구원,과제공고,https://kpms.kari.re.kr/project/announcement.do,X,수정,NoDate,X,,,,,,,,,,,,,,,,,
과학기술정보통신부,751,20018,한국항공우주연구원,공지사항,http://www.kari.re.kr/cop/bbs/BBSMSTR_000000000001/selectBoardList.do,X,추가,ModifyDate,,#contents > ul > li,p.subject a,p.infor span.date,작성일YYYY-MM-DD,,작성일YYYY-MM-DD,https://www.kari.re.kr,,#contents > div.board_view > h4,,,,,#contents > div.board_view > div,javascript,,"파일오픈, href=""javascript:fn_egov_downFile('FILE_000000000005623','0')"""
과학기술정보통신부,364,20019,연구개발특구진흥재단,공지사항,https://www.innopolis.or.kr/sub0401,X,,타이틀에 최신글에 New 표시,,table.board_table > tbody > tr,td.subject ul > li.ellipsis a,td:nth-of-type(5),YYYY.MM.DD,,,https://www.innopolis.or.kr,,#content > div > div > table.table_line tr:nth-of-type(1) > th > strong,,,,,#contents,#content_area ul.playlist > li > a,https://www.innopolis.or.kr,
과학기술정보통신부,752,20020,연구개발특구진흥재단,사업공고,https://www.innopolis.or.kr/sub0402,X,,,,table.board_table > tbody > tr,td.subject ul > li.ellipsis a,td:nth-of-type(5),YYYY.MM.DD,,,https://www.innopolis.or.kr,,#content > div > div > table.table_line tr:nth-of-type(1) > th > strong,,,,,#contents,#content_area ul.playlist > li > a,https://www.innopolis.or.kr,
과학기술정보통신부,,20021,연구개발특구진흥재단,입찰공고,https://www.innopolis.or.kr/sub0403,X,추가,,,table.board_table > tbody > tr,td.subject ul > li.ellipsis a,td:nth-of-type(5),YYYY.MM.DD,,,https://www.innopolis.or.kr,,#content > div > div > table.table_line tr:nth-of-type(1) > th > strong,,,,,#contents,#content_area ul.playlist > li > a,https://www.innopolis.or.kr,
과학기술정보통신부,366,20022,한국기계연구원,공지사항,https://www.kimm.re.kr/notice,X,,,,table.board > tbody > tr,td.left a,td:nth-of-type(4),YYYY-MM-DD,,,https://www.kimm.re.kr,,#contents thead > tr:nth-of-type(1) > th,,,,,#contents tbody > tr:nth-of-type(1) > td,onclick,,"onclick=""location.replace('/attach/filedownloads/do_down/no/1557/tm/28f68a0230aac1a07ebb98abdca4a314'); return false;"""
과학기술정보통신부,,20023,한국기계연구원,입찰공고,https://www.kimm.re.kr/bidding,X,추가,,,table.board > tbody > tr,td.left a,td:nth-of-type(6),YYYY-MM-DD,,,https://www.kimm.re.kr,,#contents thead > tr:nth-of-type(2) > td,,,#contents thead > tr:nth-of-type(5) > td:nth-of-type(1),,emptyBody,onclick,,"onclick=""location.replace('/bidding/bid_notice/filedown/id/1812/field/attach1');"
과학기술정보통신부,367,20024,한국식품연구원,공지사항,http://www.kfri.re.kr/cop/bbs/selectBoardList.do?bbsId=BBSMSTR_000000000073&menuId=MNU_0000000000000319,X,,,,div.boardRapper_v table > tbody > tr,td.alignLeft a,td:nth-of-type(4),YYYY.MM.DD,,,http://www.kfri.re.kr,,#contents div.view_tit > span,,,,,#contents div.view_cont,#contents div.view_download > p > a,http://www.kfri.re.kr,
과학기술정보통신부,,20025,한국식품연구원,구매(입찰)정보,http://www.kfri.re.kr/cop/bbs/selectBoardList.do?bbsId=BBSMSTR_000000000066&menuId=MNU_0000000000000321,X,추가,,,div.boardRapper_v table > tbody > tr,td.alignLeft a,td:nth-of-type(4),YYYY.MM.DD,,,http://www.kfri.re.kr,,#contents div.view_tit > span,,,,,#contents div.view_cont,#contents div.view_download > p > a,http://www.kfri.re.kr,
과학기술정보통신부,368,20026,한국전기연구원,공지사항,http://www.keri.re.kr/_prog/_board/?code=sub0501&site_dvs_cd=kr&menu_dvs_cd=0501,X,,utf-8,,div.board_list table > tbody > tr,td.title a,td:nth-of-type(3),YYYY-MM-DD,,,http://www.keri.re.kr/_prog/_board,,#txt > div.board_viewTit > h4,,,,,#txt > div.board_viewDetail,#txt > ul > li.file > div > a,http://www.keri.re.kr/_prog/_board/,타이틀에 '제 목' 있음
과학기술정보통신부,369,20027,한국에너지기술연구원,안내사항,http://www.kier.re.kr/information/notice_list.jsp,X,,,,table.tbl_list > tbody > tr,td.tl a,td:nth-of-type(4),YYYY-MM-DD,,,href=javascript,"href=""javascript:goUrl('notice_view.jsp', 15527, document.rwform)""",,,,,,,,,
과학기술정보통신부,373,20028,한국지질자원연구원,공지사항,http://www.kigam.re.kr/brdartcl/boardarticleList.do?brd_id=BDIDX_62Ouf5d9Lv0syV9Yi1B11m&menu_nix=7y84E29F,X,,타이틀에 … 표시,,table.tstyle_list > tbody > tr,td.ellipsis a span,td:nth-of-type(4),YYYY-MM-DD,,,href=javascript,"href=""javascript:fn_egov_brd_view('474')""",,,,,,,,,
과학기술정보통신부,,20029,한국지질자원연구원,입찰정보,http://www.kigam.re.kr/brdartcl/boardarticleList.do?brd_id=BDIDX_ztTAx322wRtl07OmBqx7X6&menu_nix=U62kj103,X,추가,"NoDate, 글내용에 등록일 있음",X,,,,,,,,,,,,,,,,,
과학기술정보통신부,374,20030,한국철도기술연구원,입찰공고,http://www.krri.re.kr/_prog/_board/?code=sub06_060501&site_dvs_cd=kr&menu_dvs_cd=060501,X,,utf-8,,div.board_list table > tbody > tr,td.title a,td.date,YYYY-MM-DD,,,http://www.krri.re.kr/_prog/_board,,#txt > article > div > h2 > span.tit,,#txt ul.board_viewInfo > li:nth-of-type(4),#txt ul.board_viewInfo > li:nth-of-type(4),YYYY-MM-DD~YYYY-MM-DD,#txt > article > div > div.board_viewDetail,#txt > article > div > ul > li.file > div > a,http://www.krri.re.kr/_prog/_board/,공고기간2018-04-02 ~ 2018-04-10
과학기술정보통신부,753,20031,한국철도기술연구원,공지사항,http://www.krri.re.kr/_prog/_board/?code=sub06_060101&site_dvs_cd=kr&menu_dvs_cd=060101,X,웹크롤링 적용중,utf-8,,div.board_list table > tbody > tr,td.title a,td.date,YYYY-MM-DD,,,http://www.krri.re.kr/_prog/_board,,#txt > article > div.board_view_header > h2 > span.tit,,,,,#txt > article > div > div.board_viewDetail,#txt > article > div.board_view_header > ul > li.file > div > a,http://www.krri.re.kr/_prog/_board/,
과학기술정보통신부,377,20032,국가수리과학연구소,공지사항,https://www.nims.re.kr/notice/post/notification,X,,요청이 오래걸려서 예외발생할수 있음,,div.content_body div.board-item,p.bbs_tit a,span.date,YYYY-MM-DD,,,https://www.nims.re.kr,,#container > div.content_body > div.board_header > h2,,,,,#container > div.content_body > div.board_body,onclick,,"onclick=""javascript:downLocation('1501523669085_7829.pdf', '2017년 하반기, 2018년 국제 연구교류 프로그램 공모 신청 요강.pdf');"""
과학기술정보통신부,,20033,국가수리과학연구소,입찰공고,https://www.nims.re.kr/promote/post/bidding,X,Date 불필요한 정보 있음 가공 필요,ModifyDate,,div.content_body div.board-item,p.bbs_tit a,p.s_info,|YYYY-MM-DD,,"연구교류센터 수학문화팀 
  
  | 
  
  2017-08-08",https://www.nims.re.kr,,#container > div.content_body > div.board_header > h2,,,,,#container > div.content_body > div.board_body,onclick,,"onclick=""javascript:downLocation('1522141651987_6149.hwp', '입찰공고문(재공고).hwp');""
 입찰마감일 2018-04-02"
과학기술정보통신부,378,20034,국가핵융합연구소,공지사항,https://www.nfri.re.kr/kor/post/notice,X,verify=False,타이틀에 불필요한 정보 (진행중),,div.board_list table > tbody > tr,td.title a,td:nth-of-type(3),YYYY-MM-DD,,,https://www.nfri.re.kr/kor/post/,,div.board_header > h4 > strong,,div.board_header > div.board_right > div > p,div.board_header > div.board_right > div > p,YYYY-MM-DD~YYYY-MM-DD,div.board_body > div.txt,onclick,,"onclick=""javascript:downLocation('efcfdeaf3cfb4f7ba06feba4c2c55d48.hwp');""
 2017-12-29 ~ 2018-01-03"
과학기술정보통신부,755,20035,국가핵융합연구소,입찰공고,https://www.nfri.re.kr/kor/post/bidding_notice,X,verify=False,타이틀에 불필요한 정보 (진행중),,div.board_list table > tbody > tr,td.title a,td:nth-of-type(3),YYYY-MM-DD,,,https://www.nfri.re.kr/kor/post/,,div.board_header > h4 > strong,,div.board_header > div.board_right > div > p,div.board_header > div.board_right > div > p,YYYY-MM-DD~YYYY-MM-DD,div.board_body > div.txt,onclick,,"onclick=""javascript:downLocation('efcfdeaf3cfb4f7ba06feba4c2c55d48.hwp');""
 2017-12-29 ~ 2018-01-03"
과학기술정보통신부,756,20036,국가핵융합연구소,사업공고,https://www.nfri.re.kr/kor/post/business_notice,X,verify=False,타이틀에 불필요한 정보 (진행중),,div.board_list table > tbody > tr,td.title a,td:nth-of-type(3),YYYY-MM-DD,,,https://www.nfri.re.kr/kor/post/,,div.board_header > h4 > strong,,div.board_header > div.board_right > div > p,div.board_header > div.board_right > div > p,YYYY-MM-DD~YYYY-MM-DD,div.board_body > div.txt,onclick,,"onclick=""javascript:downLocation('efcfdeaf3cfb4f7ba06feba4c2c55d48.hwp');""
 2017-12-29 ~ 2018-01-03"
과학기술정보통신부,379,20037,한국정보통신기술협회,공지사항,http://www.tta.or.kr/news/notice.jsp,X,,,,table.board_list > tbody > tr,td.t_left a,td:nth-of-type(3),YYYY .MM .DD,,,http://www.tta.or.kr/news/,,div.content > div.board_view_info1 tbody > tr:nth-of-type(1) > td > span,,,,,div.content > div.board_view_info1 tbody > tr:nth-of-type(3) > td,div.content > div.board_view_info1 tbody > tr:nth-of-type(4) > td > ul > li > a,http://www.tta.or.kr,
과학기술정보통신부,,20038,한국정보통신기술협회,입찰공고,http://www.tta.or.kr/news/tender.jsp,X,추가,,,table.board_list > tbody > tr,td.t_left a,td:nth-of-type(3),YYYY .MM.DD,,,http://www.tta.or.kr/news/,,div.content > div.board_view_info1 tr:nth-of-type(1) > td > span,,,,,div.content > div.board_view_info1 tr:nth-of-type(3) > td,div.content > div.board_view_info1 tr:nth-of-type(4) > td > ul > li > a,http://www.tta.or.kr,
과학기술정보통신부,497,20039,한국과학기술정보연구원,연구과제공모,https://www.kisti.re.kr/notifications/post/research-task,X,,,,div.bbs_list_box > div.board-item,p.bbs_tit a,span.date,YYYY-MM-DD,,,https://www.kisti.re.kr,,#content > div.board_header > h2,,,,,#content > div.board_body,onclick,,"onclick=""javascript:downLocation('1499664657622_5660.hwp', '(붙임1)위탁연구과제 제안요청서.hwp');"""
과학기술정보통신부,757,20040,한국과학기술정보연구원,공지사항,http://www.kisti.re.kr/notifications/post/notice,X,,,,div.bbs_list_box > div.board-item,p.bbs_tit a,span.date,YYYY-MM-DD,,,https://www.kisti.re.kr,,#content > div.board_header > h2,,,,,#content > div.board_body,onclick,,"onclick=""javascript:downLocation('1510637402301_8378.hwp', '열린정책자문단 참여 방법 안내.hwp');"""
과학기술정보통신부,700,20041,국가연구시설장비진흥센터,사업공고,http://www.nfec.go.kr/cop/bbs/BBSMSTR_000000000003/selectBoardList.do,X,수정,,,table.basic_table > tbody > tr,div.list_subject a,td.date,YYYY-MM-DD,,,http://www.nfec.go.kr,,div.prog_content tbody > tr:nth-of-type(1) > td,,,,,div.prog_content > div.tbl_cnts,javascript,,"href=""javascript:fn_egov_downFile('FILE_000000000015694','2')"""
과학기술정보통신부,,20042,정보통신기술진흥센터,입찰공고,https://www.iitp.kr/kr/1/notice/bid.it,X,,,O,div.table-responsive table.one-title > tbody > tr,td.comment-group0 a,td:nth-of-type(4),YYYY-MM-DD,,,onclick,"onclick=""post_to_url( '/kr/1/notice/bid/view.it;jsessionid=FD5679A3AA88C690DFA8633E33B83D8C.tomcat2?ArticleIdx=2755&count=true&page=1','post');""",,,,,,,,,
과학기술정보통신부,701,20043,정보통신기술진흥센터,사업공고,https://www.iitp.kr/kr/1/business/businessApiList.it,X,추가,Date 불필요한 정보 있음 가공 필요,O,div.table-responsive table.one-title > tbody > tr,td.comment-group0 a,td:nth-of-type(3),YYYY.MM.DD,,2018.02.20~2018.03.19,,,div.bbs_view_tit > strong,,#notice_area > div.bbs_view_info > span:nth-of-type(1),#notice_area > div.bbs_view_info > span:nth-of-type(1),YYYY-MM-DD~YYYY-MM-DD,div.bbs_view_cnt,ajax,http://ezone.iitp.kr,
과학기술정보통신부,,20044,정보통신기술진흥센터,사업공고,https://www.iitp.kr/kr/1/business/businessApiList.it?pageIndex=1&pageSize=10,X,추가,Date 불필요한 정보 있음 가공 필요,O,div.table-responsive table.one-title > tbody > tr,td.comment-group0 a,td:nth-of-type(3),YYYY.MM.DD,,2018.02.20~2018.03.19,,,div.bbs_view_tit > strong,,#notice_area > div.bbs_view_info > span:nth-of-type(1),#notice_area > div.bbs_view_info > span:nth-of-type(1),YYYY-MM-DD~YYYY-MM-DD,div.bbs_view_cnt,ajax,http://ezone.iitp.kr,
산업통상자원부,,20045,산업통상자원부,공고,http://www.motie.go.kr/motie/ms/nt/announce3/bbs/bbsList.do?bbs_cd_n=6,X,수정,타이틀에 … 표시,,div.common_list table > tbody > tr,td.al a,td:nth-of-type(4),YYYY-MM-DD,,,http://www.motie.go.kr/motie/ms/nt/announce3/bbs/,,#content div.common_list tbody > tr.firstT > td,,,,,#content div.common_list tbody > tr:nth-of-type(5) > td,#content div.common_list tbody > tr.last > td > span > a,http://www.motie.go.kr,
산업통상자원부,386,20046,산업통상자원부,사업공고,http://www.motie.go.kr/motie/ne/announce2/bbs/bbsList.do?bbs_cd_n=6&biz_anc_yn_c=Y,X,추가,타이틀에 … 표시,,div.common_list table > tbody > tr,td.al a,td:nth-of-type(4),YYYY-MM-DD,,,http://www.motie.go.kr/motie/ms/nt/announce3/bbs/,,#content div.common_list tbody > tr.firstT > td,,,,,#content div.common_list tbody > tr:nth-of-type(5) > td,#content div.common_list tbody > tr.last > td > span > a,http://www.motie.go.kr,
산업통상자원부,387,20047,한국산업기술평가관리원,공지,http://www.keit.re.kr/articles.do?psStep=list&bbsCD=notice&shCategoryCD=&gbn=03_31,X,수정,,,div.pc_board table.table_col > tbody > tr,td.lf a,td:nth-of-type(5),YYYY-MM-DD,,,http://www.keit.re.kr,,#contentPrint > div.sub_detailed > ul > li:nth-of-type(1) > h5,,,,,#contentPrint > div.sub_detailed > ul > li.big,#contentPrint > div.sub_detailed > ul > li.small > div > a,http://www.keit.re.kr,
산업통상자원부,388,20048,산업기술R&D정보포탈,사업공고-지원사업공고,https://itech.keit.re.kr/index.do#02010100,X,추가,NoDate,X,,,,,,,,,,,,,,,,,
산업통상자원부,,20049,산업기술R&D정보포탈,사업공고-과제기획공고,https://itech.keit.re.kr/index.do#00010000,X,추가,Ajax,,#sub_con table > tbody > tr,td:nth-of-type(4) a,td:nth-of-type(5),YYYY-MM-DD,"#circle1 > a,#inbmenu ul > li:nth-child(2) a",,onclick,"onclick=""f_detailPage('000017'); return false;""",,,,,,,,,
산업통상자원부,,20050,한국세라믹기술원,공지사항,http://www.kicet.re.kr/Front/BoardEx/List?MenuNo=5050100&SettingNo=1,X,,Date 불필요한 정보 있음 가공 필요,,div.contents-body table > tbody > tr,td.subject a,td.period,YYYY-MM-DD,,"2017-12-07
  ~
  2018-12-31",href=javascript,"href=""javascript:btnView_Click(24820);""",,,,,,,,,
산업통상자원부,,20051,한국세라믹기술원,입찰공고,http://www.kicet.re.kr/Front/BoardEx/List?MenuNo=5050200&SettingNo=7,X,추가,Date 불필요한 정보 있음 가공 필요,,div.contents-body table > tbody > tr,td.subject a,td.period,YYYY-MM-DD,,"2017-12-27
  ~
  2018-01-08",href=javascript,"href=""javascript:btnView_Click(24803);""",,,,,,,,,
산업통상자원부,397,20052,한국디자인진흥원,사업부 전체소식,http://kidp.or.kr/?menuno=1202,X,수정,,,table.board01-list > tbody > tr,td.left a,td:nth-of-type(3),YYYY-MM-DD,,,onclick,"onclick=""return submitForm(this,'view',14488);""",,,,,,,,,
산업통상자원부,,20053,한국디자인진흥원,입찰정보,http://kidp.or.kr/?menuno=1012,X,추가,,,table.board01-list > tbody > tr,td.left a,td:nth-of-type(3),YYYY-MM-DD,,,onclick,"onclick=""return submitForm(this,'view',14475);""",,,,,,,,,
산업통상자원부,394,20054,한국산업기술진흥원,입찰공고,http://www.kiat.or.kr/site/contents/inform/index3.jsp?menuID=001001003&boardTypeID=306,X,,타이틀에 … 표시,O,table.sub5_tab > tbody > tr,td:nth-of-type(3) a,td:nth-of-type(4),YYYY-MM-DD,,,onclick,"onclick=""goView('66652')""",#oForm tbody > tr:nth-of-type(1) > td.borrt_no,,#oForm tbody > tr:nth-of-type(3) > td.txt_center,,,#oForm tbody > tr:nth-of-type(4) > td,"#oForm tbody > tr > td > a[href^=""http://kiat.or.kr/site/inc/download""]",,
산업통상자원부,395,20055,한국산업기술진흥원,사업공고,http://www.kiat.or.kr/site/contents/inform/index2.jsp?menuID=001001002&boardTypeID=304,X,,,O,table.sub5_tab > tbody > tr,td:nth-of-type(3) a,td:nth-of-type(4),YYYY-MM-DD,,,onclick,"onclick=""goView('66652')""",,,#oForm tbody > tr:nth-of-type(3) > td.txt_center,#oForm tbody > tr:nth-of-type(3) > td.txt_center,YYYY-MM-DD~YYYY-MM-DD,,,,
산업통상자원부,758,20056,한국제품안전협회,공고게시판,http://www.ksafety.kr/community/announce_list.asp,X,,Ajax,,div#content tbody > tr,td:nth-of-type(2) a,td:nth-of-type(4),YYYY-MM-DD,,,400에러 발생,,#content > div.lineBlue tbody > tr:nth-of-type(1) > td,,,,,#content > div.lineBlue tbody > tr:nth-of-type(4) > td,#content > div.lineBlue tbody > tr:nth-of-type(3) > td > a,http://www.ksafety.kr,
산업통상자원부,403,20057,한국소재부품투자기관협의회,공지사항,http://www.kitia.or.kr/contents/information/notice_list.asp,X,tr th,Ajax,,#DIV_LIST > table > tbody > tr,td:nth-of-type(3) a,td:nth-of-type(5),YYYY-MM-DD,#submenu > div.sub_list > ul > li:nth-child(1) > a,,,"href=""javascript:btnInfo_Click('2','2571','1');""",,,,,,,,,
산업통상자원부,417,20058,국토연구원,입찰/위탁공고/견적,http://www.krihs.re.kr/notice/bidconList.do?ref=1,X,수정,,,div.prg_list table > tbody > tr,td.text_l a,td:nth-of-type(3),YYYY.MM.DD,,,http://www.krihs.re.kr,,#content tbody > tr:nth-of-type(1) > td,,,,,#content > div.board_con,#content tbody > tr:nth-of-type(3) > td > p > a,http://www.krihs.re.kr,
산업통상자원부,759,20059,국토연구원,공지사항,http://www.krihs.re.kr/notice/bidconList.do?ref=3,X,,,,div.prg_list table > tbody > tr,td.text_l a,td:nth-of-type(3),YYYY.MM.DD,,,http://www.krihs.re.kr,,#content tbody > tr:nth-of-type(1) > td,,,,,#content > div.board_con,#content tbody > tr:nth-of-type(3) > td > p > a,http://www.krihs.re.kr,
산업통상자원부,413,20060,대외경제정책연구원,공지사항,http://www.kiep.go.kr/sub/list.do?bbsId=notice,X,,,,table.brdList > tbody > tr,td.al a,td:nth-of-type(3),YYYY.MM.DD,,,onclick,"onclick=""fn_egov_inqire_brdMstr('jobs','200664', '채용공고,공지사항');""",,,,,,,,,
산업통상자원부,414,20061,산업연구원,공지사항,http://www.kiet.re.kr/kiet_web/?sub_num=48,X,,,,table.tbrd > tbody > tr,td.tt a,td.dt,YYYY.MM.DD,,,http://www.kiet.re.kr,,#contents > div.bcontainer tbody > tr.vtt > td,,,,,#contents > div.bcontainer div.view-content,#contents > div.bcontainer tbody > tr.vdw > td > a,http://www.kiet.re.kr,파일명 수정필요
산업통상자원부,415,20062,에너지경제연구원,알립니다,http://www.keei.re.kr/main.nsf/index_mobile.html?open&p=%2Fweb_keei%2Fallim.nsf%2Floadview&s=%3Fopenpage%26viewname%3Dmain_notice%26restricttocategory%3D%25EC%2595%258C%25EB%25A6%25BD%25EB%258B%2588%25EB%258B%25A4%26Count%3D12%26start%3D1%26category%3Dnt,X,Selenium 적용 불가능,Ajax,X,,,,,,,,,,,,,,,,,
산업통상자원부,416,20063,한국개발연구원,공지사항,http://www.kdi.re.kr/news/notice_list.jsp?board_div=total,X,,,,div.rpt_conts ul > li.Js_AjaxParents,a:nth-of-type(1),div.rpt_sup span,YYYY/MM/DD,,,http://www.kdi.re.kr/news,,#content p.view_rpt_title,,,,,#content div.view_editor_box,#content div.download_list > ul > li > a,http://www.kdi.re.kr,
산업통상자원부,417,20064,한국교육개발원,공지사항,https://www.kedi.re.kr/khome/main/announce/listNoticeAnnounceForm.do,X,,Ajax,,#listAnnounceBody tbody > tr,td.tlink a,td:nth-of-type(4),YYYY.MM.DD,,,onclick,"onclick=""goReadSelect('31944');return false;""",,,,,,,,,
산업통상자원부,760,20065,한국교육개발원,입찰공고,https://www.kedi.re.kr/khome/main/announce/listBidAnnounceForm.do,X,,Ajax,,#listAnnounceBody tbody > tr,td.tlink a,td:nth-of-type(4),YYYY.MM.DD,,,onclick,"onclick=""goReadSelect('31875');return false;""",,,,,,,,,
산업통상자원부,761,20066,한국교통연구원,입찰공고,https://www.koti.re.kr/user/bbs/BD_selectBbsList.do?q_bbsCode=1009,X,웹크롤링 적용중,,X,ul.list_news03 > li,p.tit a,td:nth-of-type(2),YYYY-MM-DD,,,,,,,,,,,,,
산업통상자원부,419,20067,한국환경정책평가연구원,공지사항,http://www.kei.re.kr/home/board/notice/list.kei,X,,,,table#dataList > tbody > tr,td.tl a,td:nth-of-type(3),YYYY-MM-DD,,,href=javascript,"href=""javascript:pagego.view(256962)""",,,,,,,,,
산업통상자원부,762,20068,한국환경정책평가연구원,입찰안내,http://www.kei.re.kr/home/board/bidding/list.kei,X,,,,table#dataList > tbody > tr,td.tl a,td:nth-of-type(3),YYYY-MM-DD,,,href=javascript,"href=""javascript:pagego.view(256894)""",,,,,,,,,
고용노동부,420,20069,고용노동부,공지사항,http://www.moel.go.kr/news/notice/noticeList.do,X,수정,,,table.tbl > tbody > tr,td:nth-of-type(2) a,td:nth-of-type(5),YYYY.MM.DD,,,http://www.moel.go.kr,,#txt div.b_info > dl:nth-of-type(1) > dd,,,,,#txt div.b_info > div.b_content,"#txt div.b_info > dl.b_file > dd > ul > li > a[href^=""/common/downloadFile""]",http://www.moel.go.kr,
고용노동부,421,20070,한국고용정보원,공지사항,http://www.keis.or.kr/user/bbs/main/133/761/bbsDataList.do,X,,,,div.seed_tbl table > tbody > tr,td.bbsTitle a,td:nth-of-type(3),YYYY-MM-DD,,,http://www.keis.or.kr,,#contents > div.content div.seed_tbl tbody > tr:nth-of-type(1) > td,,,,,#contents > div.content div.seed_tbl tbody > tr:nth-of-type(5) > td > div.seedbbsContentWrap,"#contents > div.content div.seed_tbl tbody > tr:nth-of-type(3) > td > ul > li > a[href^=""/common/proc""]",http://www.keis.or.kr,
고용노동부,,20071,한국고용정보원,입찰공고,http://www.keis.or.kr/user/extra/main/767/openApi/bidList/jsp/LayOutPage.do,X,추가,NoDate,X,,,,,,,,,,,,,,,,,
중소벤처기업부,422,20072,중소벤처기업부,공지사항,http://www.smba.go.kr/site/smba/ex/bbs/List.do?cbIdx=81,X,,,,table.list > tbody > tr,td.subject a,td:nth-of-type(5),YYYY.MM.DD,,,onclick,"onclick=""doBbsFView('81','1005286','16010100','1005286');return false;""",,,,,,,,,
중소벤처기업부,763,20073,한국산학연협회,지원사업,https://plus.auri.go.kr/post/support-business,X,수정,Date 불필요한 정보 있음 가공 필요,,div.tab-content div.business_list,a.title strong,div.sub_info p,YYYY-MM-DD,,"2018-02-20 ~ 2018-02-27
  
  / 오늘 마감",,부모요소에 a태그,#post_title,,#print > div.board_title div.business,,,#print > div.board_body,javascript,,"href=""javascript:downLocation('1520472067333_4921.jpg', '2018년_2회_신기술(NET)인증_신규신청_및_유효기간_연장신청_접수_공고문.jpg', '', '_csrf', '8104c517-95be-42ce-8532-4dcd00ef91a4')"""
환경부,427,20074,환경부,공지 공고,http://www.me.go.kr/home/web/index.do?menuId=290,X,page=1,,O,table.table_case01 > tbody > tr,td.al a,td:nth-of-type(5),YYYY-MM-DD,,,http://www.me.go.kr,,#boardTableWrapper > header,,content_WriteDate,,,#boardTableWrapper > div.view_con,#boardTableWrapper > div.view_file > ul > li > a,http://www.me.go.kr,
환경부,427,20075,환경부,공지 공고,http://www.me.go.kr/home/web/board/list.do?menuId=290&maxPageItems=10&maxIndexPages=10&boardMasterId=39&pagerOffset=10,X,page=2,,O,table.table_case01 > tbody > tr,td.al a,td:nth-of-type(5),YYYY-MM-DD,,,http://www.me.go.kr,,#boardTableWrapper > header,,content_WriteDate,,,#boardTableWrapper > div.view_con,#boardTableWrapper > div.view_file > ul > li > a,http://www.me.go.kr,
환경부,430,20076,국립환경과학원,공지사항,http://www.nier.go.kr/NIER/cop/bbs/selectNoLoginBoardList.do?bbsId=BBSMSTR_000000000012&menuNo=16001,X,웹크롤링 적용중,,X,div#contents table.bbs_default > tbody > tr,td.subject a,td:nth-of-type(4),YYYY-MM-DD,,,,,,,,,,,,,
환경부,764,20077,국립환경과학원,입찰공고,http://www.nier.go.kr/NIER/cop/bbs/selectNoLoginBoardList.do?bbsId=BBSMSTR_000000000023&menuNo=16004,X,"웹크롤링 적용중, 마감일: 예정중",,X,div#contents table.bbs_default > tbody > tr,td.subject a,td:nth-of-type(4),YYYY-MM-DD,,,,,,,,,,,,,
보건복지부,431,20078,보건복지부,공지사항,http://www.mohw.go.kr/react/al/sal0101ls.jsp?PAR_MENU_ID=04&MENU_ID=040102,X,,,,div.board_list table > tbody > tr,td.ta_l a,td:nth-of-type(3),YYYY-MM-DD,,,onclick,"onclick=""moveAction('344438');""",,,,,,,,,
보건복지부,765,20079,보건복지부,입찰안내,http://www.mohw.go.kr/react/al/sal0201ls.jsp?PAR_MENU_ID=04&MENU_ID=0402,X,,,,div.board_list table > tbody > tr,td.ta_l a,td:nth-of-type(3),YYYY-MM-DD,,,onclick,"onclick=""moveAction('344500');""",,,,,,,,,
보건복지부,432,20080,한국보건산업진흥원,공지사항,https://www.khidi.or.kr/board?menuId=MENU00099,X,웹크롤링 적용중,요청이 오래걸려서 예외발생할수 있음,X,div#detail_content table.tstyle_list > tbody > tr,td.ellipsis a,td:nth-of-type(4),YYYY-MM-DD,,,,,,,,,,,,,
보건복지부,494,20081,한국보건산업진흥원,사업공고,https://www.khidi.or.kr/board?menuId=MENU01108,X,웹크롤링 적용중,요청이 오래걸려서 예외발생할수 있음,X,div#detail_content table.tstyle_list > tbody > tr,td.ellipsis a,td:nth-of-type(4),YYYY-MM-DD,,,,,,,,,,,,,
보건복지부,766,20082,한국보건산업진흥원,입찰정보,https://www.khidi.or.kr/board?menuId=MENU00101,X,수정,요청이 오래걸려서 예외발생할수 있음,,div#detail_content table.tstyle_list > tbody > tr,td.ellipsis a,td:nth-of-type(5),YYYY-MM-DD,,,https://www.khidi.or.kr,,#detail_content > article > h1,,,#detail_content > article tbody > tr:nth-of-type(4) > td:nth-of-type(2),,#detail_content > article > div.viewContent,#detail_content > article tbody > tr:nth-of-type(5) > td > ul > li > a,https://www.khidi.or.kr,
보건복지부,498,20083,보건의료R&D포털,공지사항,https://www.htdream.kr/businessParticipateNotice/BusinessParticipateNoticeList.do,X,수정,,,div.table-wrap table.board > tbody > tr,td.text-left a,td:nth-of-type(4),YYYY-MM-DD,,,href=javascript,"href=""javascript:fn_select('3363');""",,,,,,,,,
보건복지부,499,20084,보건의료R&D포털,사업공고,https://www.htdream.kr/main/pubAmt/PubAmtList.do,X,수정,Date 불필요한 정보 있음 가공 필요,,div.table-wrap table.board > tbody > tr,td.Left a,td:nth-of-type(4),YYYY-MM-DD,,2018-02-21 ~ 2018-02-28,onclick,"onclick=""fn_select2('4306', 'N')""",,,,,,,,,
보건복지부,433,20085,국립암센터,기타공지,http://ncc.re.kr/board.ncc?uri=notice07&searchKey=total&searchValue=&pageNum=1,X,,,,div#contArea table.bbs_list > tbody > tr,td.td_title a,td:nth-of-type(2),YYYY.MM.DD,,,onclick,"onclick=""fncView(4296);""",,,,,,,,,
보건복지부,708,20086,한국건강증진개발원,공지사항,http://www.khealth.or.kr/b/14,X,,,,table#tblBoard > tbody > tr,td.subject a,td:nth-of-type(4),YYYY-MM-DD,,,onclick,부모요소에 폼태그 submit,,,,,,,,,
농림축산식품부,436,20087,농림축산식품부,공지 공고,http://www.mafra.go.kr/mafra/292/subview.do,X,해당부처에서 직접업로드,타이틀에 '새글' 제거,,div.list table > tbody > tr,td:nth-of-type(2) p a,td:nth-of-type(2) dd.date,YYYY.MM.DD,,,http://www.mafra.go.kr,,div.view > div.view_top > dl > dt,,,,,div.view > div.view_contents,div.view > div.file_list > ul > li > a,http://www.mafra.go.kr,
농림축산식품부,767,20088,농림축산검역본부,부서별 공지사항,http://www.qia.go.kr/animal/prevent/listwebQiaCom.do?type=7_depart&clear=1,X,,,,div#right table.list01 > tbody > tr,td.td01 a,td:nth-of-type(5),YYYY-MM-DD,,,http://www.qia.go.kr,,#contents tbody > tr:nth-of-type(2) > th,,,,,#contents tbody > tr:nth-of-type(4) > td,onclick,,"onclick=""downfiles('43867');return false;"""
국토교통부,439,20089,국토교통부,입찰안내,http://www.molit.go.kr/USR/tender/m_83/lst.jsp,X,,타이틀에 … 표시,,table#board-list > tbody > tr,td:nth-of-type(2) a,td:nth-of-type(5),YYYY-MM-DD,,,http://www.molit.go.kr/USR/tender/m_83,,#board-view > tbody > tr:nth-of-type(1) > td > p,,content_WriteDate,#board-view > tbody > tr:nth-of-type(5) > td:nth-of-type(2) > p,,#board-view > tbody > tr:nth-of-type(1) > td > p,"#board-view > tbody > tr > td > p > a[href^=""/LCMS""]",http://www.molit.go.kr,파일 GET 불가능
국토교통부,441,20090,한국시설안전공단,입찰정보,https://www.kistec.or.kr/www/brd/m_92/list.do,X,,타이틀에 '새글' 제거,,div.board-list div.list-item,p.item-subject a,div.item-information dl.date dd,YYYY-MM-DD,,,https://www.kistec.or.kr/www/brd/m_92,,#contents > div.notice-box > h4,,,,,#contents > div.board-view > div.view-content,#contents > div.board-view dl.download-list ul > li > a,https://www.kistec.or.kr/www/brd/m_92,
행정안전부,442,20091,행정안전부,알립니다,http://www.mois.go.kr/frt/bbs/type013/commonSelectBoardList.do?bbsId=BBSMSTR_000000000006,X,,,,div.table_wrap table.table_style1 > tbody > tr,td.l a,td:nth-of-type(5),YYYY.MM.DD.,,,http://www.mois.go.kr,,#print_area > form > div.table_detail_area > h4,,,,,#print_area > form > div.table_detail_area > div.desc,#print_area > form dl.download > dd > ul > li > a,http://www.mois.go.kr,
행정안전부,445,20092,국립과학수사연구원,공지사항,http://www.nfs.go.kr/site/nfs/ex/bbs/List.do?cbIdx=10,X,,간혈적으로 요청 불가능,,div#subContentsInnerId table.list > tbody > tr,td.aleft a,td:nth-of-type(4),YYYY.MM.DD,,,onclick,"onclick=""doBbsFView('10','1000356','16010100','1000356');return false;""",,,,,,,,,
방송통신위원회,448,20093,방송통신위원회,입찰공고,http://www.kcc.go.kr/user.do?boardId=1043&page=A05040000&dc=K05040000,X,,,,div.sub_right_con tbody > tr,td.txtL a,td:nth-of-type(5),YYYY-MM-DD,,,http://www.kcc.go.kr,,#contents > div > div.sub_right_con tbody > tr:nth-of-type(1) > td.table_title,,,,,#contents > div > div.sub_right_con tbody > tr:nth-of-type(4) > td,#contents > div > div.sub_right_con tbody > tr:nth-of-type(3) > td:nth-of-type(1) > a,http://www.kcc.go.kr,
방송통신위원회,768,20094,한국방송통신전파진흥원,입찰공고,http://www.kca.kr/open_content/ko/notice/bid/notice_tender.jsp,X,,,,div.board_list table > tbody > tr,td.subject a,td:nth-of-type(5),YYYY.MM.DD,,,http://www.kca.kr,,#main_contents > div.real_contents table > thead > tr > td,,,,,#main_contents > div.real_contents > div.board_view tbody > tr:nth-of-type(4) > td,#main_contents > div.real_contents > div.board_view tbody > tr > td > a,http://www.kca.kr,
원자력안전위원회,451,20095,원자력안전위원회,공지사항,http://www.nssc.go.kr/nssc/notice/news.jsp,X,tr th,tr에 th도 포함되어 타이틀 탐색 불가 (find),,table.lmode tr,td.title a,td:nth-of-type(5),YYYY-MM-DD,,,http://www.nssc.go.kr/nssc/notice/news.jsp,,#jwxe_board > div.vmode_wrapper2 table > tr:nth-of-type(1) > td > strong,,,,,#jwxe_board > div.vmode_wrapper2 table > tr:nth-of-type(6) > td,#jwxe_board > div.vmode_wrapper2 table > tr:nth-of-type(4) > td > ul > li > a,http://www.nssc.go.kr,
방위사업청,452,20096,방위사업청,공지사항,http://www.dapa.go.kr/user/boardList.action?boardId=I_614&siteId=dapa_kr&id=dapa_kr_040100000000,X,,,,div.boardlist_type1 table > tbody > tr,td.sbj a,td:nth-of-type(5),YYYY-MM-DD,,,http://www.dapa.go.kr/user/,,#content div.boardview_type1 > table > thead > tr.title span.board_sbj,,,,,#brdContent > td > div,#content div.boardview_type1 tbody > tr.board_add_file > td div.files_wrap > p > a,http://www.dapa.go.kr,
방위사업청,,20097,국방기술품질원,공지사항,http://www.dtaq.re.kr/ko/notice/notice.jsp,X,해당부처에서 직접업로드,,X,table.tbl_type02 > tbody > tr,td.tit a,td:nth-of-type(3),YYYY-MM-DD,,,,,,,,,,,,,
방위사업청,,20098,국방기술품질원,입찰공고,http://www.dtaq.re.kr/ko/notice/bidding.jsp,X,해당부처에서 직접업로드,,X,table.tbl_type02 > tbody > tr,td.tit a,td:nth-of-type(3),YYYY-MM-DD,,,,,,,,,,,,,
방위사업청,461,20099,국립문화재연구소,공지사항,http://www.nrich.go.kr/kor/boardList.do?menuIdx=282&bbscd=32,X,,,,table.table-list > tbody > tr,td:nth-of-type(2) a,td:nth-of-type(4),YYYY.MM.DD,,,http://www.nrich.go.kr/kor/,,#table-wrap tbody > tr:nth-of-type(1) > td,,,,,#table-wrap tbody > tr:nth-of-type(6) > td,#table-wrap tbody > tr:nth-of-type(7) > td > ul > li > a,http://www.nrich.go.kr,
농촌진흥청,463,20100,농촌진흥청,공지사항,http://www.rda.go.kr/board/board.do?mode=list&prgId=nei_ancmttEntry,X,,,,div.contents_in table.b_list > tbody > tr,td.board_tb_tit a,td.board_tb_date,YYYY-MM-DD,,,,내용을 가져올수 없음,#sub_contents > div.contents_in tbody > tr:nth-of-type(4) > td,,,,,#sub_contents > div.contents_in tbody > tr:nth-of-type(6) > td,onclick,,"onclick=""fn_download('ancmtt','100000738781','0');"""
농촌진흥청,464,20101,농촌진흥사업 종합관리시스템,과제공모,http://atis.rda.go.kr/rdais/portalSubjectCollect/subjectCollectList.vw?mparmTopMenu=2&mparmLeftMenu=1&findPrgsStatCd=01,X,,,,table.boardlist > tbody > tr,td.txt_left a,td:nth-of-type(4),YYYY.MM.DD,,,http://atis.rda.go.kr,,#form1 tbody > tr:nth-of-type(2) > td,,,,,#form1 tbody > tr:nth-of-type(3) > td,onclick,http://atis.rda.go.kr,정상적인경로 아님
식품의약품안전처,469,20102,식품의약품안전처 연구관리시스템,사업공고,https://rnd.mfds.go.kr/#!RDBAA02F01View,X,"수정, 해당부처에서 직접업로드, 크롤링 적용중",Ajax,X,,,,,,,,,,,,,,,,,
특허청,476,20103,특허청,고시/공고,http://www.kipo.go.kr/kpo/user.tdf?a=user.news.announce.BoardApp&board_id=announce&catmenu=m02_01_02_01,X,,,,div.boardList table > tbody > tr,td.subject a,td:nth-of-type(5),YYYY-MM-DD,,,http://www.kipo.go.kr,,div.boardView tbody > tr:nth-of-type(1) > td.subject,,,,,div.boardView tbody > tr:nth-of-type(4) > td.content,div.boardView tbody > tr > td > a,http://www.kipo.go.kr,
특허청,702,20104,한국지식재산전략원,공지사항,http://www.kista.re.kr/usr/com/prm/BBSList.do?bbsId=BBSMSTR_000000000203&menuNo=10000&upperMenuId=10,X,verify=False,타이틀에 불필요한 정보 (주요),,#contents_sub tbody > tr,td:nth-of-type(2) a,td:nth-of-type(4),YYYY.MM.DD,,,onclick,"onclick=""fn_detail('11842');""",,,,,,,,,
특허청,703,20105,한국지식재산전략원,사업정보,http://www.kista.re.kr/usr/com/prm/BBSList.do?bbsId=BBSMSTR_000000000411&menuNo=10009&upperMenuId=10,X,verify=False,"요청시간 오래걸림, 타이틀에 불필요한 정보 (주요)",,#contents_sub tbody > tr,td:nth-of-type(2) a,td:nth-of-type(4),YYYY.MM.DD,,,onclick,"onclick=""fn_detail('11668');""",,,,,,,,,
특허청,,20106,한국특허전략개발원,공지사항,https://www.kista.re.kr/usr/com/prm/BBSList.do?bbsId=BBSMSTR_000000000203&menuNo=10000&upperMenuId=10,X,verify=False,타이틀에 불필요한 정보 (주요),,div.real-con table > tbody > tr,td:nth-of-type(2) a,td:nth-of-type(4),YYYY.MM.DD,,,onclick,"onclick=""fn_detail('11725');""",,,,,,,,,
특허청,,20107,한국특허전략개발원,사업정보,https://www.kista.re.kr/usr/com/prm/BBSList.do?bbsId=BBSMSTR_000000000411&menuNo=10009&upperMenuId=10,X,verify=False,타이틀에 불필요한 정보 (주요),,div.real-con table > tbody > tr,td:nth-of-type(2) a,td:nth-of-type(4),YYYY.MM.DD,,,onclick,"onclick=""fn_detail('11650');""",,,,,,,,,
특허청,,20108,한국특허전략개발원,입찰공고,https://www.kista.re.kr/usr/com/prm/BBSList.do?bbsId=BBSMSTR_000000000191&menuNo=10001&upperMenuId=10,X,verify=False,"글 내용을 확인할 수가 없음
 NoDate",X,,,,YYYY.MM.DD,,,,,,,,,,,,,
해양수산부,478,20109,해양수산부,입찰,http://www.mof.go.kr/article/list.do?menuKey=379&boardKey=13,X,page=1,,,div.board_body table.board_list > tbody > tr,td.tx_al a,td:nth-of-type(5),YYYY. M.DD.,,,http://www.mof.go.kr/article/,,#board_view > h4,,,,,#board_view > div.board_cont,"#board_view tbody > tr:nth-of-type(3) > td > ul > li > a[href^=""/jfile""]",http://www.mof.go.kr,
해양수산부,478,20110,해양수산부,입찰,http://www.mof.go.kr/article/list.do?menuKey=379&boardKey=13&currentPageNo=2,X,page=2,,,div.board_body table.board_list > tbody > tr,td.tx_al a,td:nth-of-type(5),YYYY. M.DD.,,,http://www.mof.go.kr/article/,,#board_view > h4,,,,,#board_view > div.board_cont,"#board_view tbody > tr:nth-of-type(3) > td > ul > li > a[href^=""/jfile""]",http://www.mof.go.kr,
해양수산부,696,20111,해양수산부,공지사항,http://www.mof.go.kr/article/list.do?menuKey=375&boardKey=9,X,page=1,공지글에 등록일 없음,,div.board_body table.board_list > tbody > tr,td.tx_al a,td:nth-of-type(5),YYYY. M.DD.,,,http://www.mof.go.kr/article/,,#board_view > h4,,,,,#board_view > div.board_cont,"#board_view tbody > tr:nth-of-type(3) > td > ul > li > a[href^=""/jfile""]",http://www.mof.go.kr,
해양수산부,696,20112,해양수산부,공지사항,http://www.mof.go.kr/article/list.do?menuKey=375&boardKey=9&currentPageNo=2,X,page=2,공지글에 등록일 없음,,div.board_body table.board_list > tbody > tr,td.tx_al a,td:nth-of-type(5),YYYY. M.DD.,,,http://www.mof.go.kr/article/,,#board_view > h4,,,,,#board_view > div.board_cont,"#board_view tbody > tr:nth-of-type(3) > td > ul > li > a[href^=""/jfile""]",http://www.mof.go.kr,
해양수산부,480,20113,한국해양과학기술원,공지사항,http://www.kiost.ac.kr/cop/bbs/BBSMSTR_000000000072/selectBoardList.do,X,리다이렉트로 요청실패,"Ajax, 요청시간 오래걸림,",X,#content tbody > tr,td:nth-of-type(2) a,td:nth-of-type(3),YYYY-MM-DD,,,http://www.kiost.ac.kr,,#content > div.prog_content > div > div.bbs_detail_tit > h2,,,,,#content > div.prog_content > div > div.bbs_detail_content,javascript,,"href=""javascript:fn_egov_downFile('FILE_000000000013607','0')"""
해양수산부,769,20114,한국해양과학기술원,입찰정보,http://www.kiost.ac.kr/cop/bbs/BBSMSTR_000000000074/selectBoardList.do,X,리다이렉트로 요청실패,"Ajax, 요청시간 오래걸림,",X,#content tbody > tr,td:nth-of-type(2) a,td:nth-of-type(3),YYYY-MM-DD,,,http://www.kiost.ac.kr,,#content > div.prog_content > div > div.bbs_detail_tit > h2,,,,,#content > div.prog_content > div > div.bbs_detail_content,javascript,,"href=""javascript:fn_egov_downFile('FILE_000000000013607','0')"""
해양수산부,481,20115,국립해양조사원,입찰공고,http://www.khoa.go.kr/user/bbs/selectBbsList.do?bbsMasterSeq=BOARD_MST_0000000002,X,크롤링 적용중,X,X,table.boardtype1 > tbody > tr,td.title a,td:nth-of-type(4),YYYY-MM-DD,,,,,,,,,,,,,
기타,491,20116,경기도 R&D 기술개발관리시스템,공지사항,http://pms.gbsa.or.kr/ext/info/info_01.jsp?menuId=4&leftId=1&BBS_ID=001,X,수정,,,div#cont_bbs table.table_01 > tbody > tr,td.td012 a,td:nth-of-type(4),YYYY-MM-DD,,,href=javascript,"href=""javascript:doAction('DETAIL','2017004','001')""",#contents > form tbody > tr:nth-of-type(1) > td,,,,,#contents > form tbody > tr:nth-of-type(4) > td,#downloadList > tbody > tr > td > a,,
기타,492,20117,경기도 R&D 기술개발관리시스템,사업공고,http://pms.gbsa.or.kr/ext/info/info_02.jsp?menuId=4&leftId=2,X,수정,,,div#cont_bbs table.table_01 > tbody > tr,td.td012 a,td:nth-of-type(4),YYYY-MM-DD,,,href=javascript,"href=""javascript:doAction('DETAIL','20170008')""",#contents > form tbody > tr:nth-of-type(1) > td,,#contents > form tbody > tr:nth-of-type(2) > td.td012,#contents > form tbody > tr:nth-of-type(2) > td.td012,,#contents > form tbody > tr:nth-of-type(5) > td,#downloadList > tbody > tr > td > a,,
기타,689,20118,국가과학기술자문회의,공지사항,https://www.pacst.go.kr/cop/bbs/selectUserBoardList.do?bbsId=BBSMSTR_000000000012&leftMenuId=com_sub1,X,,,,div.table_style table > tbody > tr,td.left a,td:nth-of-type(4),YYYY-MM-DD,,,onclick,"onclick=""fn_egov_inqire_notice(""2899"",""BBSMSTR_000000000012""); return false;""",,,,,,,,,
행정안전부,458,20119,한국소방산업기술원,공지사항,http://www.kfi.or.kr/home/brd/brd230/brd230_Type1_Lis.do?board_seq=12,X,tr th,tr에 th도 포함되어 타이틀 탐색 불가 (find),,li.pd_t4 table.board_tb tr,td:nth-of-type(2) a,td:nth-of-type(4),YYYY.MM.DD,,,href=javascript,"href=""javascript:fn_view(24717);""",,,,,,,,,
행정안전부,,20120,한국소방산업기술원,입찰공고,http://www.kfi.or.kr/home/brd/brd230/brd230_Type4_Lis.do?board_seq=14,X,tr th,tr에 th도 포함되어 타이틀 탐색 불가 (find),,li.pd_t4 table.board_tb tr,td:nth-of-type(2) a,td:nth-of-type(3),YYYY.MM.DD,,,href=javascript,"href=""javascript:fn_view(24703);""",,,,,,,,,